id,title,description,category,price,discountPercentage,rating,stock,tags,brand,sku,weight,dimensions,warrantyInformation,shippingInformation,availabilityStatus,reviews,returnPolicy,minimumOrderQuantity,meta,images,thumbnail
1,Essence Mascara Lash Princess,The Essence Mascara Lash Princess is a popular mascara known for its volumizing and lengthening effects. Achieve dramatic lashes with this long-lasting and cruelty-free formula.,beauty,9.99,10.48,2.56,99,"['beauty', 'mascara']",Essence,BEA-ESS-ESS-001,4,"{'width': 15.14, 'height': 13.08, 'depth': 22.99}",1 week warranty,Ships in 3-5 business days,In Stock,"[{'rating': 3, 'comment': 'Would not recommend!', 'date': '2025-04-30T09:41:02.053Z', 'reviewerName': 'Eleanor Collins', 'reviewerEmail': 'eleanor.collins@x.dummyjson.com'}, {'rating': 4, 'comment': 'Very satisfied!', 'date': '2025-04-30T09:41:02.053Z', 'reviewerName': 'Lucas Gordon', 'reviewerEmail': 'lucas.gordon@x.dummyjson.com'}, {'rating': 5, 'comment': 'Highly impressed!', 'date': '2025-04-30T09:41:02.053Z', 'reviewerName': 'Eleanor Collins', 'reviewerEmail': 'eleanor.collins@x.dummyjson.com'}]",No return policy,48,"{'createdAt': '2025-04-30T09:41:02.053Z', 'updatedAt': '2025-04-30T09:41:02.053Z', 'barcode': '5784719087687', 'qrCode': 'https://cdn.dummyjson.com/public/qr-code.png'}",['https://cdn.dummyjson.com/product-images/beauty/essence-mascara-lash-princess/1.webp'],https://cdn.dummyjson.com/product-images/beauty/essence-mascara-lash-princess/thumbnail.webp
2,Eyeshadow Palette with Mirror,"The Eyeshadow Palette with Mirror offers a versatile range of eyeshadow shades for creating stunning eye looks. With a built-in mirror, it's convenient for on-the-go makeup application.",beauty,19.99,18.19,2.86,34,"['beauty', 'eyeshadow']",Glamour Beauty,BEA-GLA-EYE-002,9,"{'width': 9.26, 'height': 22.47, 'depth': 27.67}",1 year warranty,Ships in 2 weeks,In Stock,"[{'rating': 5, 'comment': 'Great product!', 'date': '2025-04-30T09:41:02.053Z', 'reviewerName': 'Savannah Gomez', 'reviewerEmail': 'savannah.gomez@x.dummyjson.com'}, {'rating': 4, 'comment': 'Awesome product!', 'date': '2025-04-30T09:41:02.053Z', 'reviewerName': 'Christian Perez', 'reviewerEmail': 'christian.perez@x.dummyjson.com'}, {'rating': 1, 'comment': 'Poor quality!', 'date': '2025-04-30T09:41:02.053Z', 'reviewerName': 'Nicholas Bailey', 'reviewerEmail': 'nicholas.bailey@x.dummyjson.com'}]",7 days return policy,20,"{'createdAt': '2025-04-30T09:41:02.053Z', 'updatedAt': '2025-04-30T09:41:02.053Z', 'barcode': '9170275171413', 'qrCode': 'https://cdn.dummyjson.com/public/qr-code.png'}",['https://cdn.dummyjson.com/product-images/beauty/eyeshadow-palette-with-mirror/1.webp'],https://cdn.dummyjson.com/product-images/beauty/eyeshadow-palette-with-mirror/thumbnail.webp
3,Powder Canister,"The Powder Canister is a finely milled setting powder designed to set makeup and control shine. With a lightweight and translucent formula, it provides a smooth and matte finish.",beauty,14.99,9.84,4.64,89,"['beauty', 'face powder']",Velvet Touch,BEA-VEL-POW-003,8,"{'width': 29.27, 'height': 27.93, 'depth': 20.59}",3 months warranty,Ships in 1-2 business days,In Stock,"[{'rating': 4, 'comment': 'Would buy again!', 'date': '2025-04-30T09:41:02.053Z', 'reviewerName': 'Alexander Jones', 'reviewerEmail': 'alexander.jones@x.dummyjson.com'}, {'rating': 5, 'comment': 'Highly impressed!', 'date': '2025-04-30T09:41:02.053Z', 'reviewerName': 'Elijah Cruz', 'reviewerEmail': 'elijah.cruz@x.dummyjson.com'}, {'rating': 1, 'comment': 'Very dissatisfied!', 'date': '2025-04-30T09:41:02.053Z', 'reviewerName': 'Avery Perez', 'reviewerEmail': 'avery.perez@x.dummyjson.com'}]",No return policy,22,"{'createdAt': '2025-04-30T09:41:02.053Z', 'updatedAt': '2025-04-30T09:41:02.053Z', 'barcode': '8418883906837', 'qrCode': 'https://cdn.dummyjson.com/public/qr-code.png'}",['https://cdn.dummyjson.com/product-images/beauty/powder-canister/1.webp'],https://cdn.dummyjson.com/product-images/beauty/powder-canister/thumbnail.webp
4,Red Lipstick,"The Red Lipstick is a classic and bold choice for adding a pop of color to your lips. With a creamy and pigmented formula, it provides a vibrant and long-lasting finish.",beauty,12.99,12.16,4.36,91,"['beauty', 'lipstick']",Chic Cosmetics,BEA-CHI-LIP-004,1,"{'width': 18.11, 'height': 28.38, 'depth': 22.17}",3 year warranty,Ships in 1 week,In Stock,"[{'rating': 4, 'comment': 'Great product!', 'date': '2025-04-30T09:41:02.053Z', 'reviewerName': 'Liam Garcia', 'reviewerEmail': 'liam.garcia@x.dummyjson.com'}, {'rating': 5, 'comment': 'Great product!', 'date': '2025-04-30T09:41:02.053Z', 'reviewerName': 'Ruby Andrews', 'reviewerEmail': 'ruby.andrews@x.dummyjson.com'}, {'rating': 5, 'comment': 'Would buy again!', 'date': '2025-04-30T09:41:02.053Z', 'reviewerName': 'Clara Berry', 'reviewerEmail': 'clara.berry@x.dummyjson.com'}]",7 days return policy,40,"{'createdAt': '2025-04-30T09:41:02.053Z', 'updatedAt': '2025-04-30T09:41:02.053Z', 'barcode': '9467746727219', 'qrCode': 'https://cdn.dummyjson.com/public/qr-code.png'}",['https://cdn.dummyjson.com/product-images/beauty/red-lipstick/1.webp'],https://cdn.dummyjson.com/product-images/beauty/red-lipstick/thumbnail.webp
5,Red Nail Polish,"The Red Nail Polish offers a rich and glossy red hue for vibrant and polished nails. With a quick-drying formula, it provides a salon-quality finish at home.",beauty,8.99,11.44,4.32,79,"['beauty', 'nail polish']",Nail Couture,BEA-NAI-NAI-005,8,"{'width': 21.63, 'height': 16.48, 'depth': 29.84}",1 month warranty,Ships overnight,In Stock,"[{'rating': 2, 'comment': 'Poor quality!', 'date': '2025-04-30T09:41:02.053Z', 'reviewerName': 'Benjamin Wilson', 'reviewerEmail': 'benjamin.wilson@x.dummyjson.com'}, {'rating': 5, 'comment': 'Great product!', 'date': '2025-04-30T09:41:02.053Z', 'reviewerName': 'Liam Smith', 'reviewerEmail': 'liam.smith@x.dummyjson.com'}, {'rating': 1, 'comment': 'Very unhappy with my purchase!', 'date': '2025-04-30T09:41:02.053Z', 'reviewerName': 'Clara Berry', 'reviewerEmail': 'clara.berry@x.dummyjson.com'}]",No return policy,22,"{'createdAt': '2025-04-30T09:41:02.053Z', 'updatedAt': '2025-04-30T09:41:02.053Z', 'barcode': '4063010628104', 'qrCode': 'https://cdn.dummyjson.com/public/qr-code.png'}",['https://cdn.dummyjson.com/product-images/beauty/red-nail-polish/1.webp'],https://cdn.dummyjson.com/product-images/beauty/red-nail-polish/thumbnail.webp
6,Calvin Klein CK One,"CK One by Calvin Klein is a classic unisex fragrance, known for its fresh and clean scent. It's a versatile fragrance suitable for everyday wear.",fragrances,49.99,1.89,4.37,29,"['fragrances', 'perfumes']",Calvin Klein,FRA-CAL-CAL-006,7,"{'width': 29.36, 'height': 27.76, 'depth': 20.72}",1 week warranty,Ships overnight,In Stock,"[{'rating': 2, 'comment': 'Very disappointed!', 'date': '2025-04-30T09:41:02.053Z', 'reviewerName': 'Layla Young', 'reviewerEmail': 'layla.young@x.dummyjson.com'}, {'rating': 4, 'comment': 'Fast shipping!', 'date': '2025-04-30T09:41:02.053Z', 'reviewerName': 'Daniel Cook', 'reviewerEmail': 'daniel.cook@x.dummyjson.com'}, {'rating': 3, 'comment': 'Not as described!', 'date': '2025-04-30T09:41:02.053Z', 'reviewerName': 'Jacob Cooper', 'reviewerEmail': 'jacob.cooper@x.dummyjson.com'}]",90 days return policy,9,"{'createdAt': '2025-04-30T09:41:02.053Z', 'updatedAt': '2025-04-30T09:41:02.053Z', 'barcode': '2451534060749', 'qrCode': 'https://cdn.dummyjson.com/public/qr-code.png'}","['https://cdn.dummyjson.com/product-images/fragrances/calvin-klein-ck-one/1.webp', 'https://cdn.dummyjson.com/product-images/fragrances/calvin-klein-ck-one/2.webp', 'https://cdn.dummyjson.com/product-images/fragrances/calvin-klein-ck-one/3.webp']",https://cdn.dummyjson.com/product-images/fragrances/calvin-klein-ck-one/thumbnail.webp
7,Chanel Coco Noir Eau De,"Coco Noir by Chanel is an elegant and mysterious fragrance, featuring notes of grapefruit, rose, and sandalwood. Perfect for evening occasions.",fragrances,129.99,16.51,4.26,58,"['fragrances', 'perfumes']",Chanel,FRA-CHA-CHA-007,7,"{'width': 24.5, 'height': 25.7, 'depth': 25.98}",3 year warranty,Ships overnight,In Stock,"[{'rating': 4, 'comment': 'Highly impressed!', 'date': '2025-04-30T09:41:02.053Z', 'reviewerName': 'Ruby Andrews', 'reviewerEmail': 'ruby.andrews@x.dummyjson.com'}, {'rating': 5, 'comment': 'Awesome product!', 'date': '2025-04-30T09:41:02.053Z', 'reviewerName': 'Leah Henderson', 'reviewerEmail': 'leah.henderson@x.dummyjson.com'}, {'rating': 5, 'comment': 'Very happy with my purchase!', 'date': '2025-04-30T09:41:02.053Z', 'reviewerName': 'Xavier Wright', 'reviewerEmail': 'xavier.wright@x.dummyjson.com'}]",No return policy,1,"{'createdAt': '2025-04-30T09:41:02.053Z', 'updatedAt': '2025-04-30T09:41:02.053Z', 'barcode': '4091737746820', 'qrCode': 'https://cdn.dummyjson.com/public/qr-code.png'}","['https://cdn.dummyjson.com/product-images/fragrances/chanel-coco-noir-eau-de/1.webp', 'https://cdn.dummyjson.com/product-images/fragrances/chanel-coco-noir-eau-de/2.webp', 'https://cdn.dummyjson.com/product-images/fragrances/chanel-coco-noir-eau-de/3.webp']",https://cdn.dummyjson.com/product-images/fragrances/chanel-coco-noir-eau-de/thumbnail.webp
8,Dior J'adore,"J'adore by Dior is a luxurious and floral fragrance, known for its blend of ylang-ylang, rose, and jasmine. It embodies femininity and sophistication.",fragrances,89.99,14.72,3.8,98,"['fragrances', 'perfumes']",Dior,FRA-DIO-DIO-008,4,"{'width': 27.67, 'height': 28.28, 'depth': 11.83}",1 week warranty,Ships in 2 weeks,In Stock,"[{'rating': 5, 'comment': 'Great value for money!', 'date': '2025-04-30T09:41:02.053Z', 'reviewerName': 'Nicholas Bailey', 'reviewerEmail': 'nicholas.bailey@x.dummyjson.com'}, {'rating': 4, 'comment': 'Great value for money!', 'date': '2025-04-30T09:41:02.053Z', 'reviewerName': 'Penelope Harper', 'reviewerEmail': 'penelope.harper@x.dummyjson.com'}, {'rating': 4, 'comment': 'Great product!', 'date': '2025-04-30T09:41:02.053Z', 'reviewerName': 'Emma Miller', 'reviewerEmail': 'emma.miller@x.dummyjson.com'}]",7 days return policy,10,"{'createdAt': '2025-04-30T09:41:02.053Z', 'updatedAt': '2025-04-30T09:41:02.053Z', 'barcode': '1445086097250', 'qrCode': 'https://cdn.dummyjson.com/public/qr-code.png'}","[""https://cdn.dummyjson.com/product-images/fragrances/dior-j'adore/1.webp"", ""https://cdn.dummyjson.com/product-images/fragrances/dior-j'adore/2.webp"", ""https://cdn.dummyjson.com/product-images/fragrances/dior-j'adore/3.webp""]",https://cdn.dummyjson.com/product-images/fragrances/dior-j'adore/thumbnail.webp
9,Dolce Shine Eau de,"Dolce Shine by Dolce & Gabbana is a vibrant and fruity fragrance, featuring notes of mango, jasmine, and blonde woods. It's a joyful and youthful scent.",fragrances,69.99,0.62,3.96,4,"['fragrances', 'perfumes']",Dolce & Gabbana,FRA-DOL-DOL-009,6,"{'width': 27.28, 'height': 29.88, 'depth': 18.3}",3 year warranty,Ships in 1 month,Low Stock,"[{'rating': 4, 'comment': 'Would buy again!', 'date': '2025-04-30T09:41:02.053Z', 'reviewerName': 'Mateo Bennett', 'reviewerEmail': 'mateo.bennett@x.dummyjson.com'}, {'rating': 4, 'comment': 'Highly recommended!', 'date': '2025-04-30T09:41:02.053Z', 'reviewerName': 'Nolan Gonzalez', 'reviewerEmail': 'nolan.gonzalez@x.dummyjson.com'}, {'rating': 5, 'comment': 'Very happy with my purchase!', 'date': '2025-04-30T09:41:02.053Z', 'reviewerName': 'Aurora Lawson', 'reviewerEmail': 'aurora.lawson@x.dummyjson.com'}]",7 days return policy,2,"{'createdAt': '2025-04-30T09:41:02.053Z', 'updatedAt': '2025-04-30T09:41:02.053Z', 'barcode': '3023868210708', 'qrCode': 'https://cdn.dummyjson.com/public/qr-code.png'}","['https://cdn.dummyjson.com/product-images/fragrances/dolce-shine-eau-de/1.webp', 'https://cdn.dummyjson.com/product-images/fragrances/dolce-shine-eau-de/2.webp', 'https://cdn.dummyjson.com/product-images/fragrances/dolce-shine-eau-de/3.webp']",https://cdn.dummyjson.com/product-images/fragrances/dolce-shine-eau-de/thumbnail.webp
10,Gucci Bloom Eau de,"Gucci Bloom by Gucci is a floral and captivating fragrance, with notes of tuberose, jasmine, and Rangoon creeper. It's a modern and romantic scent.",fragrances,79.99,14.39,2.74,91,"['fragrances', 'perfumes']",Gucci,FRA-GUC-GUC-010,7,"{'width': 20.92, 'height': 21.68, 'depth': 11.2}",6 months warranty,Ships overnight,In Stock,"[{'rating': 1, 'comment': 'Very dissatisfied!', 'date': '2025-04-30T09:41:02.053Z', 'reviewerName': 'Cameron Perez', 'reviewerEmail': 'cameron.perez@x.dummyjson.com'}, {'rating': 5, 'comment': 'Very happy with my purchase!', 'date': '2025-04-30T09:41:02.053Z', 'reviewerName': 'Daniel Cook', 'reviewerEmail': 'daniel.cook@x.dummyjson.com'}, {'rating': 4, 'comment': 'Highly impressed!', 'date': '2025-04-30T09:41:02.053Z', 'reviewerName': 'Addison Wright', 'reviewerEmail': 'addison.wright@x.dummyjson.com'}]",No return policy,2,"{'createdAt': '2025-04-30T09:41:02.053Z', 'updatedAt': '2025-04-30T09:41:02.053Z', 'barcode': '3170832177880', 'qrCode': 'https://cdn.dummyjson.com/public/qr-code.png'}","['https://cdn.dummyjson.com/product-images/fragrances/gucci-bloom-eau-de/1.webp', 'https://cdn.dummyjson.com/product-images/fragrances/gucci-bloom-eau-de/2.webp', 'https://cdn.dummyjson.com/product-images/fragrances/gucci-bloom-eau-de/3.webp']",https://cdn.dummyjson.com/product-images/fragrances/gucci-bloom-eau-de/thumbnail.webp
11,Annibale Colombo Bed,"The Annibale Colombo Bed is a luxurious and elegant bed frame, crafted with high-quality materials for a comfortable and stylish bedroom.",furniture,1899.99,8.57,4.77,88,"['furniture', 'beds']",Annibale Colombo,FUR-ANN-ANN-011,10,"{'width': 28.16, 'height': 25.36, 'depth': 17.28}",1 year warranty,Ships in 1 month,In Stock,"[{'rating': 2, 'comment': 'Would not recommend!', 'date': '2025-04-30T09:41:02.053Z', 'reviewerName': 'Christopher West', 'reviewerEmail': 'christopher.west@x.dummyjson.com'}, {'rating': 4, 'comment': 'Highly impressed!', 'date': '2025-04-30T09:41:02.053Z', 'reviewerName': 'Vivian Carter', 'reviewerEmail': 'vivian.carter@x.dummyjson.com'}, {'rating': 1, 'comment': 'Poor quality!', 'date': '2025-04-30T09:41:02.053Z', 'reviewerName': 'Mason Wright', 'reviewerEmail': 'mason.wright@x.dummyjson.com'}]",No return policy,1,"{'createdAt': '2025-04-30T09:41:02.053Z', 'updatedAt': '2025-04-30T09:41:02.053Z', 'barcode': '3610757456581', 'qrCode': 'https://cdn.dummyjson.com/public/qr-code.png'}","['https://cdn.dummyjson.com/product-images/furniture/annibale-colombo-bed/1.webp', 'https://cdn.dummyjson.com/product-images/furniture/annibale-colombo-bed/2.webp', 'https://cdn.dummyjson.com/product-images/furniture/annibale-colombo-bed/3.webp']",https://cdn.dummyjson.com/product-images/furniture/annibale-colombo-bed/thumbnail.webp
12,Annibale Colombo Sofa,"The Annibale Colombo Sofa is a sophisticated and comfortable seating option, featuring exquisite design and premium upholstery for your living room.",furniture,2499.99,14.4,3.92,60,"['furniture', 'sofas']",Annibale Colombo,FUR-ANN-ANN-012,6,"{'width': 12.75, 'height': 20.55, 'depth': 19.06}",Lifetime warranty,Ships in 1 week,In Stock,"[{'rating': 3, 'comment': 'Very unhappy with my purchase!', 'date': '2025-04-30T09:41:02.053Z', 'reviewerName': 'Christian Perez', 'reviewerEmail': 'christian.perez@x.dummyjson.com'}, {'rating': 5, 'comment': 'Fast shipping!', 'date': '2025-04-30T09:41:02.053Z', 'reviewerName': 'Lillian Bishop', 'reviewerEmail': 'lillian.bishop@x.dummyjson.com'}, {'rating': 1, 'comment': 'Poor quality!', 'date': '2025-04-30T09:41:02.053Z', 'reviewerName': 'Lillian Simmons', 'reviewerEmail': 'lillian.simmons@x.dummyjson.com'}]",7 days return policy,1,"{'createdAt': '2025-04-30T09:41:02.053Z', 'updatedAt': '2025-04-30T09:41:02.053Z', 'barcode': '1777662847736', 'qrCode': 'https://cdn.dummyjson.com/public/qr-code.png'}","['https://cdn.dummyjson.com/product-images/furniture/annibale-colombo-sofa/1.webp', 'https://cdn.dummyjson.com/product-images/furniture/annibale-colombo-sofa/2.webp', 'https://cdn.dummyjson.com/product-images/furniture/annibale-colombo-sofa/3.webp']",https://cdn.dummyjson.com/product-images/furniture/annibale-colombo-sofa/thumbnail.webp
13,Bedside Table African Cherry,"The Bedside Table in African Cherry is a stylish and functional addition to your bedroom, providing convenient storage space and a touch of elegance.",furniture,299.99,19.09,2.87,64,"['furniture', 'bedside tables']",Furniture Co.,FUR-FUR-BED-013,2,"{'width': 13.47, 'height': 24.99, 'depth': 27.35}",5 year warranty,Ships overnight,In Stock,"[{'rating': 4, 'comment': 'Excellent quality!', 'date': '2025-04-30T09:41:02.053Z', 'reviewerName': 'Aaliyah Hanson', 'reviewerEmail': 'aaliyah.hanson@x.dummyjson.com'}, {'rating': 4, 'comment': 'Excellent quality!', 'date': '2025-04-30T09:41:02.053Z', 'reviewerName': 'Liam Smith', 'reviewerEmail': 'liam.smith@x.dummyjson.com'}, {'rating': 4, 'comment': 'Highly recommended!', 'date': '2025-04-30T09:41:02.053Z', 'reviewerName': 'Avery Barnes', 'reviewerEmail': 'avery.barnes@x.dummyjson.com'}]",7 days return policy,3,"{'createdAt': '2025-04-30T09:41:02.053Z', 'updatedAt': '2025-04-30T09:41:02.053Z', 'barcode': '6441287925979', 'qrCode': 'https://cdn.dummyjson.com/public/qr-code.png'}","['https://cdn.dummyjson.com/product-images/furniture/bedside-table-african-cherry/1.webp', 'https://cdn.dummyjson.com/product-images/furniture/bedside-table-african-cherry/2.webp', 'https://cdn.dummyjson.com/product-images/furniture/bedside-table-african-cherry/3.webp']",https://cdn.dummyjson.com/product-images/furniture/bedside-table-african-cherry/thumbnail.webp
14,Knoll Saarinen Executive Conference Chair,"The Knoll Saarinen Executive Conference Chair is a modern and ergonomic chair, perfect for your office or conference room with its timeless design.",furniture,499.99,2.01,4.88,26,"['furniture', 'office chairs']",Knoll,FUR-KNO-KNO-014,10,"{'width': 13.81, 'height': 7.5, 'depth': 5.62}",2 year warranty,Ships overnight,In Stock,"[{'rating': 2, 'comment': 'Waste of money!', 'date': '2025-04-30T09:41:02.053Z', 'reviewerName': 'Ella Cook', 'reviewerEmail': 'ella.cook@x.dummyjson.com'}, {'rating': 2, 'comment': 'Very dissatisfied!', 'date': '2025-04-30T09:41:02.053Z', 'reviewerName': 'Clara Berry', 'reviewerEmail': 'clara.berry@x.dummyjson.com'}, {'rating': 5, 'comment': 'Would buy again!', 'date': '2025-04-30T09:41:02.053Z', 'reviewerName': 'Elena Long', 'reviewerEmail': 'elena.long@x.dummyjson.com'}]",60 days return policy,5,"{'createdAt': '2025-04-30T09:41:02.053Z', 'updatedAt': '2025-04-30T09:41:02.053Z', 'barcode': '8919386859966', 'qrCode': 'https://cdn.dummyjson.com/public/qr-code.png'}","['https://cdn.dummyjson.com/product-images/furniture/knoll-saarinen-executive-conference-chair/1.webp', 'https://cdn.dummyjson.com/product-images/furniture/knoll-saarinen-executive-conference-chair/2.webp', 'https://cdn.dummyjson.com/product-images/furniture/knoll-saarinen-executive-conference-chair/3.webp']",https://cdn.dummyjson.com/product-images/furniture/knoll-saarinen-executive-conference-chair/thumbnail.webp
15,Wooden Bathroom Sink With Mirror,"The Wooden Bathroom Sink with Mirror is a unique and stylish addition to your bathroom, featuring a wooden sink countertop and a matching mirror.",furniture,799.99,8.8,3.59,7,"['furniture', 'bathroom']",Bath Trends,FUR-BAT-WOO-015,10,"{'width': 7.98, 'height': 8.88, 'depth': 28.46}",3 year warranty,Ships in 3-5 business days,Low Stock,"[{'rating': 4, 'comment': 'Fast shipping!', 'date': '2025-04-30T09:41:02.053Z', 'reviewerName': 'Logan Torres', 'reviewerEmail': 'logan.torres@x.dummyjson.com'}, {'rating': 5, 'comment': 'Very pleased!', 'date': '2025-04-30T09:41:02.053Z', 'reviewerName': 'Aria Parker', 'reviewerEmail': 'aria.parker@x.dummyjson.com'}, {'rating': 3, 'comment': 'Poor quality!', 'date': '2025-04-30T09:41:02.053Z', 'reviewerName': 'Dylan Wells', 'reviewerEmail': 'dylan.wells@x.dummyjson.com'}]",60 days return policy,2,"{'createdAt': '2025-04-30T09:41:02.053Z', 'updatedAt': '2025-04-30T09:41:02.053Z', 'barcode': '1958104402873', 'qrCode': 'https://cdn.dummyjson.com/public/qr-code.png'}","['https://cdn.dummyjson.com/product-images/furniture/wooden-bathroom-sink-with-mirror/1.webp', 'https://cdn.dummyjson.com/product-images/furniture/wooden-bathroom-sink-with-mirror/2.webp', 'https://cdn.dummyjson.com/product-images/furniture/wooden-bathroom-sink-with-mirror/3.webp']",https://cdn.dummyjson.com/product-images/furniture/wooden-bathroom-sink-with-mirror/thumbnail.webp
16,Apple,"Fresh and crisp apples, perfect for snacking or incorporating into various recipes.",groceries,1.99,12.62,4.19,8,['fruits'],,GRO-BRD-APP-016,9,"{'width': 13.66, 'height': 11.01, 'depth': 9.73}",3 year warranty,Ships in 2 weeks,In Stock,"[{'rating': 5, 'comment': 'Very satisfied!', 'date': '2025-04-30T09:41:02.053Z', 'reviewerName': 'Sophia Brown', 'reviewerEmail': 'sophia.brown@x.dummyjson.com'}, {'rating': 1, 'comment': 'Very dissatisfied!', 'date': '2025-04-30T09:41:02.053Z', 'reviewerName': 'Scarlett Bowman', 'reviewerEmail': 'scarlett.bowman@x.dummyjson.com'}, {'rating': 3, 'comment': 'Very unhappy with my purchase!', 'date': '2025-04-30T09:41:02.053Z', 'reviewerName': 'William Gonzalez', 'reviewerEmail': 'william.gonzalez@x.dummyjson.com'}]",90 days return policy,7,"{'createdAt': '2025-04-30T09:41:02.053Z', 'updatedAt': '2025-04-30T09:41:02.053Z', 'barcode': '7962803553314', 'qrCode': 'https://cdn.dummyjson.com/public/qr-code.png'}",['https://cdn.dummyjson.com/product-images/groceries/apple/1.webp'],https://cdn.dummyjson.com/product-images/groceries/apple/thumbnail.webp
17,Beef Steak,"High-quality beef steak, great for grilling or cooking to your preferred level of doneness.",groceries,12.99,9.61,4.47,86,['meat'],,GRO-BRD-BEE-017,10,"{'width': 18.9, 'height': 5.77, 'depth': 18.57}",3 year warranty,Ships overnight,In Stock,"[{'rating': 3, 'comment': 'Would not recommend!', 'date': '2025-04-30T09:41:02.053Z', 'reviewerName': 'Eleanor Tyler', 'reviewerEmail': 'eleanor.tyler@x.dummyjson.com'}, {'rating': 4, 'comment': 'Fast shipping!', 'date': '2025-04-30T09:41:02.053Z', 'reviewerName': 'Alexander Jones', 'reviewerEmail': 'alexander.jones@x.dummyjson.com'}, {'rating': 5, 'comment': 'Great value for money!', 'date': '2025-04-30T09:41:02.053Z', 'reviewerName': 'Natalie Harris', 'reviewerEmail': 'natalie.harris@x.dummyjson.com'}]",60 days return policy,43,"{'createdAt': '2025-04-30T09:41:02.053Z', 'updatedAt': '2025-04-30T09:41:02.053Z', 'barcode': '5640063409695', 'qrCode': 'https://cdn.dummyjson.com/public/qr-code.png'}",['https://cdn.dummyjson.com/product-images/groceries/beef-steak/1.webp'],https://cdn.dummyjson.com/product-images/groceries/beef-steak/thumbnail.webp
18,Cat Food,Nutritious cat food formulated to meet the dietary needs of your feline friend.,groceries,8.99,9.58,3.13,46,"['pet supplies', 'cat food']",,GRO-BRD-FOO-018,10,"{'width': 18.08, 'height': 9.26, 'depth': 21.86}",1 year warranty,Ships overnight,In Stock,"[{'rating': 3, 'comment': 'Would not recommend!', 'date': '2025-04-30T09:41:02.053Z', 'reviewerName': 'Noah Lewis', 'reviewerEmail': 'noah.lewis@x.dummyjson.com'}, {'rating': 3, 'comment': 'Very unhappy with my purchase!', 'date': '2025-04-30T09:41:02.053Z', 'reviewerName': 'Ruby Andrews', 'reviewerEmail': 'ruby.andrews@x.dummyjson.com'}, {'rating': 2, 'comment': 'Very disappointed!', 'date': '2025-04-30T09:41:02.053Z', 'reviewerName': 'Ethan Thompson', 'reviewerEmail': 'ethan.thompson@x.dummyjson.com'}]",No return policy,18,"{'createdAt': '2025-04-30T09:41:02.053Z', 'updatedAt': '2025-04-30T09:41:02.053Z', 'barcode': '1483991328610', 'qrCode': 'https://cdn.dummyjson.com/public/qr-code.png'}",['https://cdn.dummyjson.com/product-images/groceries/cat-food/1.webp'],https://cdn.dummyjson.com/product-images/groceries/cat-food/thumbnail.webp
19,Chicken Meat,"Fresh and tender chicken meat, suitable for various culinary preparations.",groceries,9.99,13.7,3.19,97,['meat'],,GRO-BRD-CHI-019,1,"{'width': 11.03, 'height': 22.11, 'depth': 16.01}",1 year warranty,Ships in 1 month,In Stock,"[{'rating': 5, 'comment': 'Great product!', 'date': '2025-04-30T09:41:02.053Z', 'reviewerName': 'Mateo Bennett', 'reviewerEmail': 'mateo.bennett@x.dummyjson.com'}, {'rating': 4, 'comment': 'Highly recommended!', 'date': '2025-04-30T09:41:02.053Z', 'reviewerName': 'Jackson Evans', 'reviewerEmail': 'jackson.evans@x.dummyjson.com'}, {'rating': 3, 'comment': 'Not worth the price!', 'date': '2025-04-30T09:41:02.053Z', 'reviewerName': 'Sadie Morales', 'reviewerEmail': 'sadie.morales@x.dummyjson.com'}]",7 days return policy,22,"{'createdAt': '2025-04-30T09:41:02.053Z', 'updatedAt': '2025-04-30T09:41:02.053Z', 'barcode': '8829514594521', 'qrCode': 'https://cdn.dummyjson.com/public/qr-code.png'}","['https://cdn.dummyjson.com/product-images/groceries/chicken-meat/1.webp', 'https://cdn.dummyjson.com/product-images/groceries/chicken-meat/2.webp']",https://cdn.dummyjson.com/product-images/groceries/chicken-meat/thumbnail.webp
20,Cooking Oil,"Versatile cooking oil suitable for frying, sautéing, and various culinary applications.",groceries,4.99,9.33,4.8,10,['cooking essentials'],,GRO-BRD-COO-020,5,"{'width': 19.95, 'height': 27.54, 'depth': 24.86}",Lifetime warranty,Ships in 1-2 business days,In Stock,"[{'rating': 5, 'comment': 'Very happy with my purchase!', 'date': '2025-04-30T09:41:02.053Z', 'reviewerName': 'Victoria McDonald', 'reviewerEmail': 'victoria.mcdonald@x.dummyjson.com'}, {'rating': 2, 'comment': 'Would not recommend!', 'date': '2025-04-30T09:41:02.053Z', 'reviewerName': 'Hazel Evans', 'reviewerEmail': 'hazel.evans@x.dummyjson.com'}, {'rating': 5, 'comment': 'Would buy again!', 'date': '2025-04-30T09:41:02.053Z', 'reviewerName': 'Zoe Bennett', 'reviewerEmail': 'zoe.bennett@x.dummyjson.com'}]",30 days return policy,46,"{'createdAt': '2025-04-30T09:41:02.053Z', 'updatedAt': '2025-04-30T09:41:02.053Z', 'barcode': '4874727824518', 'qrCode': 'https://cdn.dummyjson.com/public/qr-code.png'}",['https://cdn.dummyjson.com/product-images/groceries/cooking-oil/1.webp'],https://cdn.dummyjson.com/product-images/groceries/cooking-oil/thumbnail.webp
21,Cucumber,"Crisp and hydrating cucumbers, ideal for salads, snacks, or as a refreshing side.",groceries,1.49,0.16,4.07,84,['vegetables'],,GRO-BRD-CUC-021,4,"{'width': 12.8, 'height': 28.38, 'depth': 21.34}",2 year warranty,Ships in 1-2 business days,In Stock,"[{'rating': 4, 'comment': 'Great product!', 'date': '2025-04-30T09:41:02.053Z', 'reviewerName': 'Lincoln Kelly', 'reviewerEmail': 'lincoln.kelly@x.dummyjson.com'}, {'rating': 4, 'comment': 'Great value for money!', 'date': '2025-04-30T09:41:02.053Z', 'reviewerName': 'Savannah Gomez', 'reviewerEmail': 'savannah.gomez@x.dummyjson.com'}, {'rating': 2, 'comment': 'Poor quality!', 'date': '2025-04-30T09:41:02.053Z', 'reviewerName': 'James Davis', 'reviewerEmail': 'james.davis@x.dummyjson.com'}]",7 days return policy,2,"{'createdAt': '2025-04-30T09:41:02.053Z', 'updatedAt': '2025-04-30T09:41:02.053Z', 'barcode': '5300066378225', 'qrCode': 'https://cdn.dummyjson.com/public/qr-code.png'}",['https://cdn.dummyjson.com/product-images/groceries/cucumber/1.webp'],https://cdn.dummyjson.com/product-images/groceries/cucumber/thumbnail.webp
22,Dog Food,Specially formulated dog food designed to provide essential nutrients for your canine companion.,groceries,10.99,10.27,4.55,71,"['pet supplies', 'dog food']",,GRO-BRD-FOO-022,10,"{'width': 16.93, 'height': 27.15, 'depth': 9.29}",No warranty,Ships in 1-2 business days,In Stock,"[{'rating': 5, 'comment': 'Excellent quality!', 'date': '2025-04-30T09:41:02.053Z', 'reviewerName': 'Nicholas Edwards', 'reviewerEmail': 'nicholas.edwards@x.dummyjson.com'}, {'rating': 5, 'comment': 'Awesome product!', 'date': '2025-04-30T09:41:02.053Z', 'reviewerName': 'Zachary Lee', 'reviewerEmail': 'zachary.lee@x.dummyjson.com'}, {'rating': 4, 'comment': 'Great product!', 'date': '2025-04-30T09:41:02.053Z', 'reviewerName': 'Nova Cooper', 'reviewerEmail': 'nova.cooper@x.dummyjson.com'}]",60 days return policy,43,"{'createdAt': '2025-04-30T09:41:02.053Z', 'updatedAt': '2025-04-30T09:41:02.053Z', 'barcode': '5906686116469', 'qrCode': 'https://cdn.dummyjson.com/public/qr-code.png'}",['https://cdn.dummyjson.com/product-images/groceries/dog-food/1.webp'],https://cdn.dummyjson.com/product-images/groceries/dog-food/thumbnail.webp
23,Eggs,"Fresh eggs, a versatile ingredient for baking, cooking, or breakfast.",groceries,2.99,11.05,2.53,9,['dairy'],,GRO-BRD-EGG-023,2,"{'width': 11.42, 'height': 7.44, 'depth': 16.95}",1 week warranty,Ships in 1 week,In Stock,"[{'rating': 3, 'comment': 'Disappointing product!', 'date': '2025-04-30T09:41:02.053Z', 'reviewerName': 'Penelope King', 'reviewerEmail': 'penelope.king@x.dummyjson.com'}, {'rating': 3, 'comment': 'Poor quality!', 'date': '2025-04-30T09:41:02.053Z', 'reviewerName': 'Eleanor Tyler', 'reviewerEmail': 'eleanor.tyler@x.dummyjson.com'}, {'rating': 4, 'comment': 'Very pleased!', 'date': '2025-04-30T09:41:02.053Z', 'reviewerName': 'Benjamin Foster', 'reviewerEmail': 'benjamin.foster@x.dummyjson.com'}]",No return policy,32,"{'createdAt': '2025-04-30T09:41:02.053Z', 'updatedAt': '2025-04-30T09:41:02.053Z', 'barcode': '3478638588469', 'qrCode': 'https://cdn.dummyjson.com/public/qr-code.png'}",['https://cdn.dummyjson.com/product-images/groceries/eggs/1.webp'],https://cdn.dummyjson.com/product-images/groceries/eggs/thumbnail.webp
24,Fish Steak,"Quality fish steak, suitable for grilling, baking, or pan-searing.",groceries,14.99,4.23,3.78,74,['seafood'],,GRO-BRD-FIS-024,6,"{'width': 14.95, 'height': 26.31, 'depth': 11.27}",1 month warranty,Ships in 3-5 business days,In Stock,"[{'rating': 2, 'comment': 'Would not buy again!', 'date': '2025-04-30T09:41:02.053Z', 'reviewerName': 'Caleb Perkins', 'reviewerEmail': 'caleb.perkins@x.dummyjson.com'}, {'rating': 5, 'comment': 'Excellent quality!', 'date': '2025-04-30T09:41:02.053Z', 'reviewerName': 'Isabella Jackson', 'reviewerEmail': 'isabella.jackson@x.dummyjson.com'}, {'rating': 4, 'comment': 'Great value for money!', 'date': '2025-04-30T09:41:02.053Z', 'reviewerName': 'Nathan Dixon', 'reviewerEmail': 'nathan.dixon@x.dummyjson.com'}]",60 days return policy,50,"{'createdAt': '2025-04-30T09:41:02.053Z', 'updatedAt': '2025-04-30T09:41:02.053Z', 'barcode': '9595036192098', 'qrCode': 'https://cdn.dummyjson.com/public/qr-code.png'}",['https://cdn.dummyjson.com/product-images/groceries/fish-steak/1.webp'],https://cdn.dummyjson.com/product-images/groceries/fish-steak/thumbnail.webp
25,Green Bell Pepper,"Fresh and vibrant green bell pepper, perfect for adding color and flavor to your dishes.",groceries,1.29,0.16,3.25,33,['vegetables'],,GRO-BRD-GRE-025,2,"{'width': 15.33, 'height': 26.65, 'depth': 14.44}",1 month warranty,Ships in 1 week,In Stock,"[{'rating': 4, 'comment': 'Highly recommended!', 'date': '2025-04-30T09:41:02.053Z', 'reviewerName': 'Avery Carter', 'reviewerEmail': 'avery.carter@x.dummyjson.com'}, {'rating': 3, 'comment': 'Would not recommend!', 'date': '2025-04-30T09:41:02.053Z', 'reviewerName': 'Henry Hill', 'reviewerEmail': 'henry.hill@x.dummyjson.com'}, {'rating': 5, 'comment': 'Excellent quality!', 'date': '2025-04-30T09:41:02.053Z', 'reviewerName': 'Addison Wright', 'reviewerEmail': 'addison.wright@x.dummyjson.com'}]",30 days return policy,12,"{'createdAt': '2025-04-30T09:41:02.053Z', 'updatedAt': '2025-04-30T09:41:02.053Z', 'barcode': '2365227493323', 'qrCode': 'https://cdn.dummyjson.com/public/qr-code.png'}",['https://cdn.dummyjson.com/product-images/groceries/green-bell-pepper/1.webp'],https://cdn.dummyjson.com/product-images/groceries/green-bell-pepper/thumbnail.webp
26,Green Chili Pepper,"Spicy green chili pepper, ideal for adding heat to your favorite recipes.",groceries,0.99,1,3.66,3,['vegetables'],,GRO-BRD-GRE-026,7,"{'width': 15.38, 'height': 18.12, 'depth': 19.92}",2 year warranty,Ships in 1 week,Low Stock,"[{'rating': 4, 'comment': 'Great product!', 'date': '2025-04-30T09:41:02.053Z', 'reviewerName': 'Luna Russell', 'reviewerEmail': 'luna.russell@x.dummyjson.com'}, {'rating': 1, 'comment': 'Waste of money!', 'date': '2025-04-30T09:41:02.053Z', 'reviewerName': 'Noah Lewis', 'reviewerEmail': 'noah.lewis@x.dummyjson.com'}, {'rating': 3, 'comment': 'Very disappointed!', 'date': '2025-04-30T09:41:02.053Z', 'reviewerName': 'Clara Berry', 'reviewerEmail': 'clara.berry@x.dummyjson.com'}]",30 days return policy,39,"{'createdAt': '2025-04-30T09:41:02.053Z', 'updatedAt': '2025-04-30T09:41:02.053Z', 'barcode': '9335000538563', 'qrCode': 'https://cdn.dummyjson.com/public/qr-code.png'}",['https://cdn.dummyjson.com/product-images/groceries/green-chili-pepper/1.webp'],https://cdn.dummyjson.com/product-images/groceries/green-chili-pepper/thumbnail.webp
27,Honey Jar,"Pure and natural honey in a convenient jar, perfect for sweetening beverages or drizzling over food.",groceries,6.99,14.4,3.97,34,['condiments'],,GRO-BRD-HON-027,2,"{'width': 9.28, 'height': 21.72, 'depth': 17.74}",1 month warranty,Ships in 1-2 business days,In Stock,"[{'rating': 1, 'comment': 'Very disappointed!', 'date': '2025-04-30T09:41:02.053Z', 'reviewerName': 'Autumn Gomez', 'reviewerEmail': 'autumn.gomez@x.dummyjson.com'}, {'rating': 4, 'comment': 'Highly impressed!', 'date': '2025-04-30T09:41:02.053Z', 'reviewerName': 'Benjamin Wilson', 'reviewerEmail': 'benjamin.wilson@x.dummyjson.com'}, {'rating': 2, 'comment': 'Very disappointed!', 'date': '2025-04-30T09:41:02.053Z', 'reviewerName': 'Nicholas Edwards', 'reviewerEmail': 'nicholas.edwards@x.dummyjson.com'}]",90 days return policy,47,"{'createdAt': '2025-04-30T09:41:02.053Z', 'updatedAt': '2025-04-30T09:41:02.053Z', 'barcode': '6354306346329', 'qrCode': 'https://cdn.dummyjson.com/public/qr-code.png'}",['https://cdn.dummyjson.com/product-images/groceries/honey-jar/1.webp'],https://cdn.dummyjson.com/product-images/groceries/honey-jar/thumbnail.webp
28,Ice Cream,"Creamy and delicious ice cream, available in various flavors for a delightful treat.",groceries,5.49,8.69,3.39,27,['desserts'],,GRO-BRD-CRE-028,1,"{'width': 14.83, 'height': 15.07, 'depth': 24.2}",1 month warranty,Ships in 2 weeks,In Stock,"[{'rating': 5, 'comment': 'Very pleased!', 'date': '2025-04-30T09:41:02.053Z', 'reviewerName': 'Elijah Cruz', 'reviewerEmail': 'elijah.cruz@x.dummyjson.com'}, {'rating': 4, 'comment': 'Excellent quality!', 'date': '2025-04-30T09:41:02.053Z', 'reviewerName': 'Jace Smith', 'reviewerEmail': 'jace.smith@x.dummyjson.com'}, {'rating': 5, 'comment': 'Highly impressed!', 'date': '2025-04-30T09:41:02.053Z', 'reviewerName': 'Sadie Morales', 'reviewerEmail': 'sadie.morales@x.dummyjson.com'}]",No return policy,42,"{'createdAt': '2025-04-30T09:41:02.053Z', 'updatedAt': '2025-04-30T09:41:02.053Z', 'barcode': '0788954559076', 'qrCode': 'https://cdn.dummyjson.com/public/qr-code.png'}","['https://cdn.dummyjson.com/product-images/groceries/ice-cream/1.webp', 'https://cdn.dummyjson.com/product-images/groceries/ice-cream/2.webp', 'https://cdn.dummyjson.com/product-images/groceries/ice-cream/3.webp', 'https://cdn.dummyjson.com/product-images/groceries/ice-cream/4.webp']",https://cdn.dummyjson.com/product-images/groceries/ice-cream/thumbnail.webp
29,Juice,"Refreshing fruit juice, packed with vitamins and great for staying hydrated.",groceries,3.99,12.06,3.94,50,['beverages'],,GRO-BRD-JUI-029,1,"{'width': 18.56, 'height': 21.46, 'depth': 28.02}",6 months warranty,Ships in 1 week,In Stock,"[{'rating': 5, 'comment': 'Excellent quality!', 'date': '2025-04-30T09:41:02.053Z', 'reviewerName': 'Nolan Gonzalez', 'reviewerEmail': 'nolan.gonzalez@x.dummyjson.com'}, {'rating': 4, 'comment': 'Would buy again!', 'date': '2025-04-30T09:41:02.053Z', 'reviewerName': 'Bella Grant', 'reviewerEmail': 'bella.grant@x.dummyjson.com'}, {'rating': 5, 'comment': 'Awesome product!', 'date': '2025-04-30T09:41:02.053Z', 'reviewerName': 'Aria Flores', 'reviewerEmail': 'aria.flores@x.dummyjson.com'}]",No return policy,25,"{'createdAt': '2025-04-30T09:41:02.053Z', 'updatedAt': '2025-04-30T09:41:02.053Z', 'barcode': '6936112580956', 'qrCode': 'https://cdn.dummyjson.com/public/qr-code.png'}",['https://cdn.dummyjson.com/product-images/groceries/juice/1.webp'],https://cdn.dummyjson.com/product-images/groceries/juice/thumbnail.webp
30,Kiwi,"Nutrient-rich kiwi, perfect for snacking or adding a tropical twist to your dishes.",groceries,2.49,15.22,4.93,99,['fruits'],,GRO-BRD-KIW-030,5,"{'width': 19.4, 'height': 18.67, 'depth': 17.13}",6 months warranty,Ships overnight,In Stock,"[{'rating': 4, 'comment': 'Highly recommended!', 'date': '2025-04-30T09:41:02.053Z', 'reviewerName': 'Emily Brown', 'reviewerEmail': 'emily.brown@x.dummyjson.com'}, {'rating': 2, 'comment': 'Would not buy again!', 'date': '2025-04-30T09:41:02.053Z', 'reviewerName': 'Jackson Morales', 'reviewerEmail': 'jackson.morales@x.dummyjson.com'}, {'rating': 4, 'comment': 'Fast shipping!', 'date': '2025-04-30T09:41:02.053Z', 'reviewerName': 'Nora Russell', 'reviewerEmail': 'nora.russell@x.dummyjson.com'}]",7 days return policy,30,"{'createdAt': '2025-04-30T09:41:02.053Z', 'updatedAt': '2025-04-30T09:41:02.053Z', 'barcode': '2530169917252', 'qrCode': 'https://cdn.dummyjson.com/public/qr-code.png'}",['https://cdn.dummyjson.com/product-images/groceries/kiwi/1.webp'],https://cdn.dummyjson.com/product-images/groceries/kiwi/thumbnail.webp
31,Lemon,"Zesty and tangy lemons, versatile for cooking, baking, or making refreshing beverages.",groceries,0.79,9.7,3.53,31,['fruits'],,GRO-BRD-LEM-031,3,"{'width': 23.77, 'height': 9.22, 'depth': 12.05}",No warranty,Ships in 1 month,In Stock,"[{'rating': 5, 'comment': 'Awesome product!', 'date': '2025-04-30T09:41:02.053Z', 'reviewerName': 'Logan Lawson', 'reviewerEmail': 'logan.lawson@x.dummyjson.com'}, {'rating': 5, 'comment': 'Highly impressed!', 'date': '2025-04-30T09:41:02.053Z', 'reviewerName': 'Avery Perez', 'reviewerEmail': 'avery.perez@x.dummyjson.com'}, {'rating': 5, 'comment': 'Very satisfied!', 'date': '2025-04-30T09:41:02.053Z', 'reviewerName': 'Benjamin Foster', 'reviewerEmail': 'benjamin.foster@x.dummyjson.com'}]",7 days return policy,29,"{'createdAt': '2025-04-30T09:41:02.053Z', 'updatedAt': '2025-04-30T09:41:02.053Z', 'barcode': '4871812433378', 'qrCode': 'https://cdn.dummyjson.com/public/qr-code.png'}",['https://cdn.dummyjson.com/product-images/groceries/lemon/1.webp'],https://cdn.dummyjson.com/product-images/groceries/lemon/thumbnail.webp
32,Milk,"Fresh and nutritious milk, a staple for various recipes and daily consumption.",groceries,3.49,13.74,2.61,27,['dairy'],,GRO-BRD-MIL-032,5,"{'width': 12.92, 'height': 15.76, 'depth': 11.29}",3 year warranty,Ships in 2 weeks,In Stock,"[{'rating': 4, 'comment': 'Very satisfied!', 'date': '2025-04-30T09:41:02.053Z', 'reviewerName': 'Nicholas Bailey', 'reviewerEmail': 'nicholas.bailey@x.dummyjson.com'}, {'rating': 3, 'comment': 'Would not buy again!', 'date': '2025-04-30T09:41:02.053Z', 'reviewerName': 'Harper Turner', 'reviewerEmail': 'harper.turner@x.dummyjson.com'}, {'rating': 5, 'comment': 'Great value for money!', 'date': '2025-04-30T09:41:02.053Z', 'reviewerName': 'Autumn Gomez', 'reviewerEmail': 'autumn.gomez@x.dummyjson.com'}]",7 days return policy,5,"{'createdAt': '2025-04-30T09:41:02.053Z', 'updatedAt': '2025-04-30T09:41:02.053Z', 'barcode': '9835034508303', 'qrCode': 'https://cdn.dummyjson.com/public/qr-code.png'}",['https://cdn.dummyjson.com/product-images/groceries/milk/1.webp'],https://cdn.dummyjson.com/product-images/groceries/milk/thumbnail.webp
33,Mulberry,"Sweet and juicy mulberries, perfect for snacking or adding to desserts and cereals.",groceries,4.99,12.87,4.95,99,['fruits'],,GRO-BRD-MUL-033,5,"{'width': 12.8, 'height': 18.54, 'depth': 6.31}",2 year warranty,Ships in 1 week,In Stock,"[{'rating': 5, 'comment': 'Fast shipping!', 'date': '2025-04-30T09:41:02.053Z', 'reviewerName': 'Avery Barnes', 'reviewerEmail': 'avery.barnes@x.dummyjson.com'}, {'rating': 2, 'comment': 'Not worth the price!', 'date': '2025-04-30T09:41:02.053Z', 'reviewerName': 'Sadie Morales', 'reviewerEmail': 'sadie.morales@x.dummyjson.com'}, {'rating': 1, 'comment': 'Would not buy again!', 'date': '2025-04-30T09:41:02.053Z', 'reviewerName': 'Oscar Powers', 'reviewerEmail': 'oscar.powers@x.dummyjson.com'}]",No return policy,43,"{'createdAt': '2025-04-30T09:41:02.053Z', 'updatedAt': '2025-04-30T09:41:02.053Z', 'barcode': '2206629068605', 'qrCode': 'https://cdn.dummyjson.com/public/qr-code.png'}",['https://cdn.dummyjson.com/product-images/groceries/mulberry/1.webp'],https://cdn.dummyjson.com/product-images/groceries/mulberry/thumbnail.webp
34,Nescafe Coffee,"Quality coffee from Nescafe, available in various blends for a rich and satisfying cup.",groceries,7.99,1.59,4.82,57,"['beverages', 'coffee']",,GRO-BRD-NES-034,6,"{'width': 20.54, 'height': 29.49, 'depth': 29.2}",1 year warranty,Ships in 1-2 business days,In Stock,"[{'rating': 5, 'comment': 'Very pleased!', 'date': '2025-04-30T09:41:02.053Z', 'reviewerName': 'Gabriel Adams', 'reviewerEmail': 'gabriel.adams@x.dummyjson.com'}, {'rating': 5, 'comment': 'Highly recommended!', 'date': '2025-04-30T09:41:02.053Z', 'reviewerName': 'Ella Cook', 'reviewerEmail': 'ella.cook@x.dummyjson.com'}, {'rating': 4, 'comment': 'Would buy again!', 'date': '2025-04-30T09:41:02.053Z', 'reviewerName': 'Logan Torres', 'reviewerEmail': 'logan.torres@x.dummyjson.com'}]",30 days return policy,8,"{'createdAt': '2025-04-30T09:41:02.053Z', 'updatedAt': '2025-04-30T09:41:02.053Z', 'barcode': '8572637994159', 'qrCode': 'https://cdn.dummyjson.com/public/qr-code.png'}",['https://cdn.dummyjson.com/product-images/groceries/nescafe-coffee/1.webp'],https://cdn.dummyjson.com/product-images/groceries/nescafe-coffee/thumbnail.webp
35,Potatoes,"Versatile and starchy potatoes, great for roasting, mashing, or as a side dish.",groceries,2.29,5.38,4.81,13,['vegetables'],,GRO-BRD-POT-035,9,"{'width': 22.65, 'height': 9.83, 'depth': 21.75}",3 year warranty,Ships in 3-5 business days,In Stock,"[{'rating': 5, 'comment': 'Highly impressed!', 'date': '2025-04-30T09:41:02.053Z', 'reviewerName': 'Eleanor Collins', 'reviewerEmail': 'eleanor.collins@x.dummyjson.com'}, {'rating': 4, 'comment': 'Fast shipping!', 'date': '2025-04-30T09:41:02.053Z', 'reviewerName': 'Lily Torres', 'reviewerEmail': 'lily.torres@x.dummyjson.com'}, {'rating': 5, 'comment': 'Highly recommended!', 'date': '2025-04-30T09:41:02.053Z', 'reviewerName': 'Ariana Ross', 'reviewerEmail': 'ariana.ross@x.dummyjson.com'}]",90 days return policy,9,"{'createdAt': '2025-04-30T09:41:02.053Z', 'updatedAt': '2025-04-30T09:41:02.053Z', 'barcode': '3590399655074', 'qrCode': 'https://cdn.dummyjson.com/public/qr-code.png'}",['https://cdn.dummyjson.com/product-images/groceries/potatoes/1.webp'],https://cdn.dummyjson.com/product-images/groceries/potatoes/thumbnail.webp
36,Protein Powder,"Nutrient-packed protein powder, ideal for supplementing your diet with essential proteins.",groceries,19.99,7.59,4.18,80,['health supplements'],,GRO-BRD-PRO-036,9,"{'width': 9.01, 'height': 12.53, 'depth': 22.35}",1 week warranty,Ships in 1 month,In Stock,"[{'rating': 3, 'comment': 'Very unhappy with my purchase!', 'date': '2025-04-30T09:41:02.053Z', 'reviewerName': 'Aurora Rodriguez', 'reviewerEmail': 'aurora.rodriguez@x.dummyjson.com'}, {'rating': 4, 'comment': 'Would buy again!', 'date': '2025-04-30T09:41:02.053Z', 'reviewerName': 'Miles Stevenson', 'reviewerEmail': 'miles.stevenson@x.dummyjson.com'}, {'rating': 4, 'comment': 'Very happy with my purchase!', 'date': '2025-04-30T09:41:02.053Z', 'reviewerName': 'Clara Berry', 'reviewerEmail': 'clara.berry@x.dummyjson.com'}]",No return policy,6,"{'createdAt': '2025-04-30T09:41:02.053Z', 'updatedAt': '2025-04-30T09:41:02.053Z', 'barcode': '0435397154434', 'qrCode': 'https://cdn.dummyjson.com/public/qr-code.png'}",['https://cdn.dummyjson.com/product-images/groceries/protein-powder/1.webp'],https://cdn.dummyjson.com/product-images/groceries/protein-powder/thumbnail.webp
37,Red Onions,"Flavorful and aromatic red onions, perfect for adding depth to your savory dishes.",groceries,1.99,9.9,4.2,82,['vegetables'],,GRO-BRD-ONI-037,9,"{'width': 16.01, 'height': 24.96, 'depth': 12.74}",1 month warranty,Ships in 3-5 business days,In Stock,"[{'rating': 4, 'comment': 'Fast shipping!', 'date': '2025-04-30T09:41:02.053Z', 'reviewerName': 'Maya Reed', 'reviewerEmail': 'maya.reed@x.dummyjson.com'}, {'rating': 3, 'comment': 'Very dissatisfied!', 'date': '2025-04-30T09:41:02.053Z', 'reviewerName': 'Evelyn Gonzalez', 'reviewerEmail': 'evelyn.gonzalez@x.dummyjson.com'}, {'rating': 5, 'comment': 'Awesome product!', 'date': '2025-04-30T09:41:02.053Z', 'reviewerName': 'Jackson Evans', 'reviewerEmail': 'jackson.evans@x.dummyjson.com'}]",7 days return policy,8,"{'createdAt': '2025-04-30T09:41:02.053Z', 'updatedAt': '2025-04-30T09:41:02.053Z', 'barcode': '4716374115631', 'qrCode': 'https://cdn.dummyjson.com/public/qr-code.png'}",['https://cdn.dummyjson.com/product-images/groceries/red-onions/1.webp'],https://cdn.dummyjson.com/product-images/groceries/red-onions/thumbnail.webp
38,Rice,"High-quality rice, a staple for various cuisines and a versatile base for many dishes.",groceries,5.99,9.29,3.18,59,['grains'],,GRO-BRD-RIC-038,5,"{'width': 17.21, 'height': 9.88, 'depth': 17.16}",6 months warranty,Ships overnight,In Stock,"[{'rating': 5, 'comment': 'Would buy again!', 'date': '2025-04-30T09:41:02.053Z', 'reviewerName': 'Sophia Brown', 'reviewerEmail': 'sophia.brown@x.dummyjson.com'}, {'rating': 4, 'comment': 'Very satisfied!', 'date': '2025-04-30T09:41:02.053Z', 'reviewerName': 'Grace Perry', 'reviewerEmail': 'grace.perry@x.dummyjson.com'}, {'rating': 1, 'comment': 'Very disappointed!', 'date': '2025-04-30T09:41:02.053Z', 'reviewerName': 'Cameron Burke', 'reviewerEmail': 'cameron.burke@x.dummyjson.com'}]",No return policy,20,"{'createdAt': '2025-04-30T09:41:02.053Z', 'updatedAt': '2025-04-30T09:41:02.053Z', 'barcode': '7339757397015', 'qrCode': 'https://cdn.dummyjson.com/public/qr-code.png'}",['https://cdn.dummyjson.com/product-images/groceries/rice/1.webp'],https://cdn.dummyjson.com/product-images/groceries/rice/thumbnail.webp
39,Soft Drinks,"Assorted soft drinks in various flavors, perfect for refreshing beverages.",groceries,1.99,17.48,4.75,53,['beverages'],,GRO-BRD-SOF-039,9,"{'width': 19.75, 'height': 6.79, 'depth': 9.33}",6 months warranty,Ships in 2 weeks,In Stock,"[{'rating': 2, 'comment': 'Would not recommend!', 'date': '2025-04-30T09:41:02.053Z', 'reviewerName': 'Zachary Lee', 'reviewerEmail': 'zachary.lee@x.dummyjson.com'}, {'rating': 2, 'comment': 'Would not recommend!', 'date': '2025-04-30T09:41:02.053Z', 'reviewerName': 'Oscar Powers', 'reviewerEmail': 'oscar.powers@x.dummyjson.com'}, {'rating': 5, 'comment': 'Highly recommended!', 'date': '2025-04-30T09:41:02.053Z', 'reviewerName': 'Hannah Robinson', 'reviewerEmail': 'hannah.robinson@x.dummyjson.com'}]",7 days return policy,10,"{'createdAt': '2025-04-30T09:41:02.053Z', 'updatedAt': '2025-04-30T09:41:02.053Z', 'barcode': '2991169581178', 'qrCode': 'https://cdn.dummyjson.com/public/qr-code.png'}",['https://cdn.dummyjson.com/product-images/groceries/soft-drinks/1.webp'],https://cdn.dummyjson.com/product-images/groceries/soft-drinks/thumbnail.webp
40,Strawberry,"Sweet and succulent strawberries, great for snacking, desserts, or blending into smoothies.",groceries,3.99,1.12,3.08,46,['fruits'],,GRO-BRD-STR-040,1,"{'width': 28.18, 'height': 21.25, 'depth': 28.54}",1 week warranty,Ships in 1-2 business days,In Stock,"[{'rating': 3, 'comment': 'Would not buy again!', 'date': '2025-04-30T09:41:02.053Z', 'reviewerName': 'Amelia Perez', 'reviewerEmail': 'amelia.perez@x.dummyjson.com'}, {'rating': 3, 'comment': 'Would not buy again!', 'date': '2025-04-30T09:41:02.053Z', 'reviewerName': 'Olivia Wilson', 'reviewerEmail': 'olivia.wilson@x.dummyjson.com'}, {'rating': 4, 'comment': 'Would buy again!', 'date': '2025-04-30T09:41:02.053Z', 'reviewerName': 'Hunter Gordon', 'reviewerEmail': 'hunter.gordon@x.dummyjson.com'}]",No return policy,12,"{'createdAt': '2025-04-30T09:41:02.053Z', 'updatedAt': '2025-04-30T09:41:02.053Z', 'barcode': '0792647462295', 'qrCode': 'https://cdn.dummyjson.com/public/qr-code.png'}",['https://cdn.dummyjson.com/product-images/groceries/strawberry/1.webp'],https://cdn.dummyjson.com/product-images/groceries/strawberry/thumbnail.webp
41,Tissue Paper Box,"Convenient tissue paper box for everyday use, providing soft and absorbent tissues.",groceries,2.49,13.28,2.69,86,['household essentials'],,GRO-BRD-TIS-041,1,"{'width': 18.75, 'height': 17.58, 'depth': 12.43}",No warranty,Ships in 1-2 business days,In Stock,"[{'rating': 1, 'comment': 'Not as described!', 'date': '2025-04-30T09:41:02.053Z', 'reviewerName': 'Ariana Ross', 'reviewerEmail': 'ariana.ross@x.dummyjson.com'}, {'rating': 5, 'comment': 'Fast shipping!', 'date': '2025-04-30T09:41:02.053Z', 'reviewerName': 'Carter Baker', 'reviewerEmail': 'carter.baker@x.dummyjson.com'}, {'rating': 5, 'comment': 'Great value for money!', 'date': '2025-04-30T09:41:02.053Z', 'reviewerName': 'Penelope Harper', 'reviewerEmail': 'penelope.harper@x.dummyjson.com'}]",90 days return policy,44,"{'createdAt': '2025-04-30T09:41:02.053Z', 'updatedAt': '2025-04-30T09:41:02.053Z', 'barcode': '9446468291745', 'qrCode': 'https://cdn.dummyjson.com/public/qr-code.png'}","['https://cdn.dummyjson.com/product-images/groceries/tissue-paper-box/1.webp', 'https://cdn.dummyjson.com/product-images/groceries/tissue-paper-box/2.webp']",https://cdn.dummyjson.com/product-images/groceries/tissue-paper-box/thumbnail.webp
42,Water,"Pure and refreshing bottled water, essential for staying hydrated throughout the day.",groceries,0.99,14.92,4.96,53,['beverages'],,GRO-BRD-WAT-042,4,"{'width': 18.43, 'height': 7.4, 'depth': 17.79}",3 months warranty,Ships in 1 month,In Stock,"[{'rating': 5, 'comment': 'Highly impressed!', 'date': '2025-04-30T09:41:02.053Z', 'reviewerName': 'Jonathan Pierce', 'reviewerEmail': 'jonathan.pierce@x.dummyjson.com'}, {'rating': 2, 'comment': 'Would not recommend!', 'date': '2025-04-30T09:41:02.053Z', 'reviewerName': 'Grayson Coleman', 'reviewerEmail': 'grayson.coleman@x.dummyjson.com'}, {'rating': 3, 'comment': 'Not as described!', 'date': '2025-04-30T09:41:02.053Z', 'reviewerName': 'Ethan Fletcher', 'reviewerEmail': 'ethan.fletcher@x.dummyjson.com'}]",7 days return policy,28,"{'createdAt': '2025-04-30T09:41:02.053Z', 'updatedAt': '2025-04-30T09:41:02.053Z', 'barcode': '2409829645213', 'qrCode': 'https://cdn.dummyjson.com/public/qr-code.png'}",['https://cdn.dummyjson.com/product-images/groceries/water/1.webp'],https://cdn.dummyjson.com/product-images/groceries/water/thumbnail.webp
43,Decoration Swing,"The Decoration Swing is a charming addition to your home decor. Crafted with intricate details, it adds a touch of elegance and whimsy to any room.",home-decoration,59.99,10.41,3.16,47,"['home decor', 'swing']",,HOM-BRD-DEC-043,4,"{'width': 23.84, 'height': 15.19, 'depth': 26.05}",1 week warranty,Ships in 1 month,In Stock,"[{'rating': 1, 'comment': 'Would not buy again!', 'date': '2025-04-30T09:41:02.053Z', 'reviewerName': 'Daniel Cook', 'reviewerEmail': 'daniel.cook@x.dummyjson.com'}, {'rating': 2, 'comment': 'Poor quality!', 'date': '2025-04-30T09:41:02.053Z', 'reviewerName': 'Hunter Gordon', 'reviewerEmail': 'hunter.gordon@x.dummyjson.com'}, {'rating': 3, 'comment': 'Very unhappy with my purchase!', 'date': '2025-04-30T09:41:02.053Z', 'reviewerName': 'Stella Morris', 'reviewerEmail': 'stella.morris@x.dummyjson.com'}]",90 days return policy,8,"{'createdAt': '2025-04-30T09:41:02.053Z', 'updatedAt': '2025-04-30T09:41:02.053Z', 'barcode': '9646971048759', 'qrCode': 'https://cdn.dummyjson.com/public/qr-code.png'}","['https://cdn.dummyjson.com/product-images/home-decoration/decoration-swing/1.webp', 'https://cdn.dummyjson.com/product-images/home-decoration/decoration-swing/2.webp', 'https://cdn.dummyjson.com/product-images/home-decoration/decoration-swing/3.webp']",https://cdn.dummyjson.com/product-images/home-decoration/decoration-swing/thumbnail.webp
44,Family Tree Photo Frame,"The Family Tree Photo Frame is a sentimental and stylish way to display your cherished family memories. With multiple photo slots, it tells the story of your loved ones.",home-decoration,29.99,14.87,4.53,77,"['home decor', 'photo frame']",,HOM-BRD-FAM-044,1,"{'width': 17.27, 'height': 14.81, 'depth': 29.11}",1 month warranty,Ships in 2 weeks,In Stock,"[{'rating': 4, 'comment': 'Highly impressed!', 'date': '2025-04-30T09:41:02.053Z', 'reviewerName': 'Oscar Powers', 'reviewerEmail': 'oscar.powers@x.dummyjson.com'}, {'rating': 5, 'comment': 'Excellent quality!', 'date': '2025-04-30T09:41:02.053Z', 'reviewerName': 'Austin Hudson', 'reviewerEmail': 'austin.hudson@x.dummyjson.com'}, {'rating': 2, 'comment': 'Very dissatisfied!', 'date': '2025-04-30T09:41:02.053Z', 'reviewerName': 'Luke Cooper', 'reviewerEmail': 'luke.cooper@x.dummyjson.com'}]",No return policy,15,"{'createdAt': '2025-04-30T09:41:02.053Z', 'updatedAt': '2025-04-30T09:41:02.053Z', 'barcode': '5398738320864', 'qrCode': 'https://cdn.dummyjson.com/public/qr-code.png'}",['https://cdn.dummyjson.com/product-images/home-decoration/family-tree-photo-frame/1.webp'],https://cdn.dummyjson.com/product-images/home-decoration/family-tree-photo-frame/thumbnail.webp
45,House Showpiece Plant,The House Showpiece Plant is an artificial plant that brings a touch of nature to your home without the need for maintenance. It adds greenery and style to any space.,home-decoration,39.99,7.46,4.67,28,"['home decor', 'artificial plants']",,HOM-BRD-HOU-045,8,"{'width': 8.55, 'height': 14.62, 'depth': 17.25}",1 year warranty,Ships in 1 week,In Stock,"[{'rating': 5, 'comment': 'Very happy with my purchase!', 'date': '2025-04-30T09:41:02.053Z', 'reviewerName': 'Natalie Harris', 'reviewerEmail': 'natalie.harris@x.dummyjson.com'}, {'rating': 1, 'comment': 'Poor quality!', 'date': '2025-04-30T09:41:02.053Z', 'reviewerName': 'Max Russell', 'reviewerEmail': 'max.russell@x.dummyjson.com'}, {'rating': 5, 'comment': 'Very pleased!', 'date': '2025-04-30T09:41:02.053Z', 'reviewerName': 'Nolan Gonzalez', 'reviewerEmail': 'nolan.gonzalez@x.dummyjson.com'}]",No return policy,3,"{'createdAt': '2025-04-30T09:41:02.053Z', 'updatedAt': '2025-04-30T09:41:02.053Z', 'barcode': '8433795204995', 'qrCode': 'https://cdn.dummyjson.com/public/qr-code.png'}","['https://cdn.dummyjson.com/product-images/home-decoration/house-showpiece-plant/1.webp', 'https://cdn.dummyjson.com/product-images/home-decoration/house-showpiece-plant/2.webp', 'https://cdn.dummyjson.com/product-images/home-decoration/house-showpiece-plant/3.webp']",https://cdn.dummyjson.com/product-images/home-decoration/house-showpiece-plant/thumbnail.webp
46,Plant Pot,"The Plant Pot is a stylish container for your favorite plants. With a sleek design, it complements your indoor or outdoor garden, adding a modern touch to your plant display.",home-decoration,14.99,6.84,3.01,59,"['home decor', 'plant accessories']",,HOM-BRD-PLA-046,9,"{'width': 9.83, 'height': 20.28, 'depth': 13.49}",Lifetime warranty,Ships in 3-5 business days,In Stock,"[{'rating': 4, 'comment': 'Fast shipping!', 'date': '2025-04-30T09:41:02.053Z', 'reviewerName': 'Vivian Carter', 'reviewerEmail': 'vivian.carter@x.dummyjson.com'}, {'rating': 5, 'comment': 'Very satisfied!', 'date': '2025-04-30T09:41:02.053Z', 'reviewerName': 'Ella Adams', 'reviewerEmail': 'ella.adams@x.dummyjson.com'}, {'rating': 3, 'comment': 'Poor quality!', 'date': '2025-04-30T09:41:02.053Z', 'reviewerName': 'Liam Smith', 'reviewerEmail': 'liam.smith@x.dummyjson.com'}]",30 days return policy,31,"{'createdAt': '2025-04-30T09:41:02.053Z', 'updatedAt': '2025-04-30T09:41:02.053Z', 'barcode': '8477070578398', 'qrCode': 'https://cdn.dummyjson.com/public/qr-code.png'}","['https://cdn.dummyjson.com/product-images/home-decoration/plant-pot/1.webp', 'https://cdn.dummyjson.com/product-images/home-decoration/plant-pot/2.webp', 'https://cdn.dummyjson.com/product-images/home-decoration/plant-pot/3.webp', 'https://cdn.dummyjson.com/product-images/home-decoration/plant-pot/4.webp']",https://cdn.dummyjson.com/product-images/home-decoration/plant-pot/thumbnail.webp
47,Table Lamp,"The Table Lamp is a functional and decorative lighting solution for your living space. With a modern design, it provides both ambient and task lighting, enhancing the atmosphere.",home-decoration,49.99,7.09,3.55,9,"['home decor', 'lighting']",,HOM-BRD-TAB-047,4,"{'width': 8.98, 'height': 13.41, 'depth': 5.65}",3 months warranty,Ships in 1-2 business days,In Stock,"[{'rating': 5, 'comment': 'Excellent quality!', 'date': '2025-04-30T09:41:02.053Z', 'reviewerName': 'Benjamin Foster', 'reviewerEmail': 'benjamin.foster@x.dummyjson.com'}, {'rating': 3, 'comment': 'Would not recommend!', 'date': '2025-04-30T09:41:02.053Z', 'reviewerName': 'Sophia Jones', 'reviewerEmail': 'sophia.jones@x.dummyjson.com'}, {'rating': 5, 'comment': 'Awesome product!', 'date': '2025-04-30T09:41:02.053Z', 'reviewerName': 'Natalie Harris', 'reviewerEmail': 'natalie.harris@x.dummyjson.com'}]",90 days return policy,2,"{'createdAt': '2025-04-30T09:41:02.053Z', 'updatedAt': '2025-04-30T09:41:02.053Z', 'barcode': '8806138916048', 'qrCode': 'https://cdn.dummyjson.com/public/qr-code.png'}",['https://cdn.dummyjson.com/product-images/home-decoration/table-lamp/1.webp'],https://cdn.dummyjson.com/product-images/home-decoration/table-lamp/thumbnail.webp
48,Bamboo Spatula,"The Bamboo Spatula is a versatile kitchen tool made from eco-friendly bamboo. Ideal for flipping, stirring, and serving various dishes.",kitchen-accessories,7.99,2.84,3.27,37,"['kitchen tools', 'utensils']",,KIT-BRD-BAM-048,3,"{'width': 21.32, 'height': 23.03, 'depth': 25.94}",1 month warranty,Ships overnight,In Stock,"[{'rating': 5, 'comment': 'Awesome product!', 'date': '2025-04-30T09:41:02.053Z', 'reviewerName': 'Lucas Ramirez', 'reviewerEmail': 'lucas.ramirez@x.dummyjson.com'}, {'rating': 5, 'comment': 'Highly recommended!', 'date': '2025-04-30T09:41:02.053Z', 'reviewerName': 'Caleb Perkins', 'reviewerEmail': 'caleb.perkins@x.dummyjson.com'}, {'rating': 4, 'comment': 'Highly recommended!', 'date': '2025-04-30T09:41:02.053Z', 'reviewerName': 'Nolan Gonzalez', 'reviewerEmail': 'nolan.gonzalez@x.dummyjson.com'}]",60 days return policy,29,"{'createdAt': '2025-04-30T09:41:02.053Z', 'updatedAt': '2025-04-30T09:41:02.053Z', 'barcode': '3988181417733', 'qrCode': 'https://cdn.dummyjson.com/public/qr-code.png'}",['https://cdn.dummyjson.com/product-images/kitchen-accessories/bamboo-spatula/1.webp'],https://cdn.dummyjson.com/product-images/kitchen-accessories/bamboo-spatula/thumbnail.webp
49,Black Aluminium Cup,The Black Aluminium Cup is a stylish and durable cup suitable for both hot and cold beverages. Its sleek black design adds a modern touch to your drinkware collection.,kitchen-accessories,5.99,15.65,4.46,75,"['drinkware', 'cups']",,KIT-BRD-BLA-049,7,"{'width': 5.88, 'height': 5.11, 'depth': 10.03}",1 year warranty,Ships overnight,In Stock,"[{'rating': 3, 'comment': 'Very disappointed!', 'date': '2025-04-30T09:41:02.053Z', 'reviewerName': 'Alexander Hernandez', 'reviewerEmail': 'alexander.hernandez@x.dummyjson.com'}, {'rating': 5, 'comment': 'Great value for money!', 'date': '2025-04-30T09:41:02.053Z', 'reviewerName': 'Aurora Rodriguez', 'reviewerEmail': 'aurora.rodriguez@x.dummyjson.com'}, {'rating': 1, 'comment': 'Not worth the price!', 'date': '2025-04-30T09:41:02.053Z', 'reviewerName': 'Benjamin Foster', 'reviewerEmail': 'benjamin.foster@x.dummyjson.com'}]",30 days return policy,48,"{'createdAt': '2025-04-30T09:41:02.053Z', 'updatedAt': '2025-04-30T09:41:02.053Z', 'barcode': '5606164195748', 'qrCode': 'https://cdn.dummyjson.com/public/qr-code.png'}","['https://cdn.dummyjson.com/product-images/kitchen-accessories/black-aluminium-cup/1.webp', 'https://cdn.dummyjson.com/product-images/kitchen-accessories/black-aluminium-cup/2.webp']",https://cdn.dummyjson.com/product-images/kitchen-accessories/black-aluminium-cup/thumbnail.webp
50,Black Whisk,The Black Whisk is a kitchen essential for whisking and beating ingredients. Its ergonomic handle and sleek design make it a practical and stylish tool.,kitchen-accessories,9.99,10.24,3.9,73,"['kitchen tools', 'utensils']",,KIT-BRD-BLA-050,1,"{'width': 13.03, 'height': 5.99, 'depth': 20.64}",3 months warranty,Ships in 1 month,In Stock,"[{'rating': 3, 'comment': 'Not worth the price!', 'date': '2025-04-30T09:41:02.053Z', 'reviewerName': 'Cameron Perez', 'reviewerEmail': 'cameron.perez@x.dummyjson.com'}, {'rating': 1, 'comment': 'Waste of money!', 'date': '2025-04-30T09:41:02.053Z', 'reviewerName': 'Benjamin Foster', 'reviewerEmail': 'benjamin.foster@x.dummyjson.com'}, {'rating': 5, 'comment': 'Very pleased!', 'date': '2025-04-30T09:41:02.053Z', 'reviewerName': 'Paisley Bell', 'reviewerEmail': 'paisley.bell@x.dummyjson.com'}]",30 days return policy,40,"{'createdAt': '2025-04-30T09:41:02.053Z', 'updatedAt': '2025-04-30T09:41:02.053Z', 'barcode': '3112495795209', 'qrCode': 'https://cdn.dummyjson.com/public/qr-code.png'}",['https://cdn.dummyjson.com/product-images/kitchen-accessories/black-whisk/1.webp'],https://cdn.dummyjson.com/product-images/kitchen-accessories/black-whisk/thumbnail.webp
